{
    "AlCl3": {
        "etot": [-229.36175746, -229.36176457844613, 7.1184461205575644e-06], 
        "eoe": [-398.09805819, -398.09756808, -0.0004901100000438419], 
        "ehartree": [187.23268818, 187.23218978056275, 0.0004983994372480538], 
        "exc": [-33.04913852, -33.04913737072548, -1.1492745173313779e-06], 
        "ewald": [14.55275107, 14.55275108673123, -1.673123151135769e-08], 
        "ecutwfc": 25, 
        "ecutrho": 100, 
        "kp": [[0, 0, 0], [0, 0, 0]], 
        "fft": [[90, 90, 90], [90, 90, 90]], 
        "nGvec": [322453, 322453], 
        "functional": ["pbe", "pbe"]
        }, 
        
    "BCl3": {
        "etot": [-96.51254056, -96.512551067455, 1.0507454987873643e-05], 
        "eoe": [-172.63491972, -172.63310381, -0.0018159100000048056], 
        "ehartree": [88.38719975, 88.38549798028089, 0.001701769719105073], 
        "exc": [-19.48354243, -19.48366708966129, 0.00012465966128871742], 
        "ewald": [7.21872184, 7.2187218493102, -9.310200610457287e-09], 
        "ecutwfc": 25, 
        "ecutrho": 100, 
        "kp": [[0, 0, 0], [0, 0, 0]], 
        "fft": [[90, 90, 90], [90, 90, 90]], 
        "nGvec": [322453, 322453], 
        "functional": ["pbe", "pbe"]
    }, 
    
    "C2H2": {
        "etot": [-24.95233426, -24.95234705919353, 1.2799193530810271e-05], 
        "eoe": [-57.7993814, -57.80025488, 0.0008734799999956522], 
        "ehartree": [29.89690015, 29.89795583275023, -0.001055682750230602], 
        "exc": [-8.13176813, -8.13196314243787, 0.0001950124378709006], 
        "ewald": [11.08191512, 11.08191513147096, -1.1470961069903751e-08], 
        "ecutwfc": 25, 
        "ecutrho": 100, 
        "kp": [[0, 0, 0], [0, 0, 0]], 
        "fft": [[90, 90, 90], [90, 90, 90]], 
        "nGvec": [322453, 322453], 
        "functional": ["pbe", "pbe"]
    }, 
    
    "C2H4": {
        "etot": [-27.44890195, -27.44891686068642, 1.4910686420677166e-05], 
        "eoe": [-73.39377367, -73.3947949, 0.0010212299999921015], 
        "ehartree": [37.96704983, 37.96818521512304, -0.0011353851230424539], 
        "exc": [-9.73787844, -9.73800751900943, 0.0001290790094312655], 
        "ewald": [17.71570033, 17.715700343717, -1.3716999092139304e-08], 
        "ecutwfc": 25, 
        "ecutrho": 100, 
        "kp": [[0, 0, 0], [0, 0, 0]], 
        "fft": [[90, 90, 90], [90, 90, 90]], 
        "nGvec": [322453, 322453], 
        "functional": ["pbe", "pbe"]
    }, 
    
    "CH4": {
        "etot": [-16.14865247, -16.14865900608588, 6.536085880526343e-06], 
        "eoe": [-40.39175155, -40.39432517, 0.002573619999999721], 
        "ehartree": [21.01831355, 21.02129405799547, -0.0029805079954705604], 
        "exc": [-6.35818416, -6.35859759992787, 0.00041343992786924133], 
        "ewald": [9.58296968, 9.58296970137193, -2.1371930003510897e-08], 
        "ecutwfc": 25, 
        "ecutrho": 100, 
        "kp": [[0, 0, 0], [0, 0, 0]], 
        "fft": [[90, 90, 90], [90, 90, 90]], 
        "nGvec": [322453, 322453], 
        "functional": ["pbe", "pbe"]
    }, 
    
    "CO": {
        "etot": [-43.16882661, -43.16883717629704, 1.0566297035552452e-05], 
        "eoe": [-82.50824037, -82.50964686, 0.0014064900000079206], 
        "ehartree": [42.29825693, 42.29993438211652, -0.001677452116517486], 
        "exc": [-10.09716284, -10.09744439898922, 0.00028155898922044287], 
        "ewald": [7.13831968, 7.13831970064728, -2.064727944173228e-08], 
        "ecutwfc": 25, 
        "ecutrho": 100, 
        "kp": [[0, 0, 0], [0, 0, 0]], 
        "fft": [[90, 90, 90], [90, 90, 90]], 
        "nGvec": [322453, 322453], 
        "functional": ["pbe", "pbe"]
    }, 
    
    "CO2": {
        "etot": [-75.12715192, -75.12715994242957, 8.022429568654843e-06], 
        "eoe": [-162.67511767, -162.67562807, 0.0005103999999960251], 
        "ehartree": [83.33203893, 83.33278988556799, -0.0007509555679945379], 
        "exc": [-17.2422432, -17.24249179257301, 0.00024859257300846593], 
        "ewald": [21.45817002, 21.45817003696299, -1.6962989235480563e-08], 
        "ecutwfc": 25, 
        "ecutrho": 100, 
        "kp": [[0, 0, 0], [0, 0, 0]], 
        "fft": [[90, 90, 90], [90, 90, 90]], 
        "nGvec": [322453, 322453], 
        "functional": ["pbe", "pbe"]
    }, 
    
    "H2O": {
        "etot": [-34.23820086, -34.23820839728771, 7.537287707748419e-06], 
        "eoe": [-62.97222521, -62.97189445, -0.00033075999999709893], 
        "ehartree": [32.9176736, 32.91737381616439, 0.00029978383560802513], 
        "exc": [-8.41048583, -8.41052438985087, 3.8559850869646084e-05], 
        "ewald": [4.22683659, 4.2268366293845, -3.938450010565475e-08], 
        "ecutwfc": 25, 
        "ecutrho": 100, 
        "kp": [[0, 0, 0], [0, 0, 0]], 
        "fft": [[90, 90, 90], [90, 90, 90]], 
        "nGvec": [322453, 322453], 
        "functional": ["pbe", "pbe"]
    }, 
    
    "H2O2": {
        "etot": [-65.8844491, -65.8844563916978, 7.291697798450514e-06], 
        "eoe": [-140.54435184, -140.54446824, 0.00011639999999601969], 
        "ehartree": [72.83330768, 72.83346164506237, -0.0001539650623669786], 
        "exc": [-15.21235152, -15.21239642768029, 4.490768028908576e-05], 
        "ewald": [17.03894658, 17.03894662659594, -4.659593955125274e-08], 
        "ecutwfc": 25, 
        "ecutrho": 100, 
        "kp": [[0, 0, 0], [0, 0, 0]], 
        "fft": [[90, 90, 90], [90, 90, 90]], 
        "nGvec": [322453, 322453], 
        "functional": ["pbe", "pbe"]
    }, 
    
    "HCN": {
        "etot": [-32.34856604, -32.34857568180465, 9.641804645355023e-06], 
        "eoe": [-67.84614277, -67.84596256, -0.00018020999999635023], 
        "ehartree": [35.00705874, 35.00683197899315, 0.0002267610068500403], 
        "exc": [-8.94127994, -8.94124304326674, -3.68967332597947e-05], 
        "ewald": [9.43179793, 9.43179794447013, -1.4470129983124025e-08], 
        "ecutwfc": 25, 
        "ecutrho": 100, 
        "kp": [[0, 0, 0], [0, 0, 0]], 
        "fft": [[90, 90, 90], [90, 90, 90]], 
        "nGvec": [322453, 322453], 
        "functional": ["pbe", "pbe"]
    }, 
    
    "Li2": {
        "etot": [-28.32170269, -28.32176295401691, 6.026401691272554e-05], 
        "eoe": [-33.12771545, -33.12734474, -0.00037070999999855303], 
        "ehartree": [12.8734531, 12.87298615402092, 0.0004669459790811459], 
        "exc": [-6.26845959, -6.26842365385106, -3.593614894015218e-05], 
        "ewald": [-1.79898076, -1.79898071695499, -4.304501000085281e-08], 
        "ecutwfc": 25, 
        "ecutrho": 100, 
        "kp": [[0, 0, 0], [0, 0, 0]], 
        "fft": [[90, 90, 90], [90, 90, 90]], 
        "nGvec": [322453, 322453], 
        "functional": ["pbe", "pbe"]
    }, 
    
    "LiH": {
        "etot": [-15.29918321, -15.29921429973737, 3.108973736942744e-05], 
        "eoe": [-18.81975066, -18.82006219, 0.00031153000000117004], 
        "ehartree": [7.8485341, 7.84917680535341, -0.0006427053534094895], 
        "exc": [-3.88029112, -3.88065342708265, 0.0003623070826499486], 
        "ewald": [-0.44767553, -0.44767548579094, -4.420905996838087e-08], 
        "ecutwfc": 25, 
        "ecutrho": 100, 
        "kp": [[0, 0, 0], [0, 0, 0]], 
        "fft": [[90, 90, 90], [90, 90, 90]], 
        "nGvec": [322453, 322453], 
        "functional": ["pbe", "pbe"]
    }, 
    
    "NaCl": {
        "etot": [-115.50451683, -115.50448719483119, -2.9635168814934332e-05], 
        "eoe": [-172.84918654, -172.85059776, 0.0014112199999942732], 
        "ehartree": [85.42869977, 85.43047990590638, -0.001780135906386704], 
        "exc": [-18.40107225, -18.4014115556169, 0.0003393056169009867], 
        "ewald": [-9.68295781, -9.68295778443775, -2.5562249206245724e-08], 
        "ecutwfc": 25, 
        "ecutrho": 100, 
        "kp": [[0, 0, 0], [0, 0, 0]], 
        "fft": [[90, 90, 90], [90, 90, 90]], 
        "nGvec": [322453, 322453], 
        "functional": ["pbe", "pbe"]
    },